Date, Time, Direction, Type, Occupancy, HasGreenNumberPlate, AdditionalData2
24-10-2023, 8.45am, in, car, 2, no, null
24-10-2023, 8.45am, in, van, 1, no, null
24-10-2023, 8.45am, in, car, 1, yes, null
24-10-2023, 8.45am, in, car, 1, no, null
24-10-2023, 8.45am, in, van, 1, no, null
24-10-2023, 8.45am, in, car, 1, no, null
24-10-2023, 8.45am, in, car, 1, no, null
24-10-2023, 8.45am, in, car, 1, no, null
24-10-2023, 8.45am, in, car, 1, no, null
24-10-2023, 8.45am, in, car, 1, no, null
24-10-2023, 8.45am, in, car, 1, no, null
24-10-2023, 8.45am, in, bus, 60%, no, null
24-10-2023, 8.45am, in, car, 2, no, null
24-10-2023, 8.45am, in, bus, 70%, no, null
24-10-2023, 8.45am, in, bus, 100%, no, null
24-10-2023, 8.45am, in, car, 3, no, null
24-10-2023, 8.45am, in, car, 1, no, null
24-10-2023, 8.45am, in, van, 1, no, null
24-10-2023, 8.45am, in, car, 1, no, null
24-10-2023, 8.45am, in, car, 2, no, null
24-10-2023, 8.45am, in, car, 1, no, null
24-10-2023, 8.45am, in, car, 1, no, null
24-10-2023, 8.45am, in, car, 1, no, null
24-10-2023, 8.45am, in, car, 1, no, null
24-10-2023, 8.45am, in, van, 1, no, null
24-10-2023, 8.45am, in, car, 1, no, null
24-10-2023, 8.45am, in, car, 1, no, null
24-10-2023, 8.45am, in, car, 1, no, null
24-10-2023, 8.50am, in, car, 1, no, null
24-10-2023, 8.50am, in, car, 1, no, null
24-10-2023, 8.50am, in, car, 1, no, null
24-10-2023, 8.50am, in, car, 2, no, null
24-10-2023, 8.50am, in, car, 5, no, null
24-10-2023, 8.50am, in, car, 1, no, null
24-10-2023, 8.50am, in, car, 3, no, null
24-10-2023, 8.50am, in, car, 1, no, null
24-10-2023, 8.50am, in, car, 1, no, null
24-10-2023, 8.50am, in, car, 2, no, null
24-10-2023, 8.50am, in, car, 4, no, null
24-10-2023, 8.50am, in, car, 2, no, null
24-10-2023, 8.50am, in, car, 1, no, null
24-10-2023, 8.50am, in, car, 1, no, null
24-10-2023, 8.50am, in, car, 1, no, null
24-10-2023, 8.50am, in, car, 1, no, null
24-10-2023, 8.50am, in, car, 1, no, null
24-10-2023, 8.50am, in, car, 1, no, null
24-10-2023, 8.50am, in, car, 2, no, null
24-10-2023, 8.50am, in, car, 1, no, null
24-10-2023, 8.50am, in, lorry, 1, no, null
24-10-2023, 8.50am, in, car, 1, no, null
24-10-2023, 8.50am, in, car, 5, no, null
24-10-2023, 8.50am, in, car, 1, no, null
24-10-2023, 8.50am, in, car, 1, no, null
24-10-2023, 8.50am, in, car, 2, no, null
24-10-2023, 8.50am, in, car, 1, no, null
24-10-2023, 8.50am, in, taxi, 2, no, null
24-10-2023, 8.50am, in, car, 2, no, null
24-10-2023, 8.50am, in, car, 1, no, null
24-10-2023, 8.50am, in, car, 1, no, null
24-10-2023, 8.50am, in, car, 1, no, null
24-10-2023, 8.50am, in, car, 2, no, null
24-10-2023, 8.50am, in, car, 2, no, null
24-10-2023, 8.50am, in, car, 2, no, null
24-10-2023, 8.50am, in, car, 1, no, null
24-10-2023, 8.50am, in, bicycle, 1, no, null
24-10-2023, 8.50am, in, car, 4, no, null
24-10-2023, 8.50am, in, car, 2, no, null
24-10-2023, 8.50am, in, car, 1, no, null
24-10-2023, 8.50am, in, car, 1, no, null
24-10-2023, 8.50am, in, car, 1, no, null
24-10-2023, 8.50am, in, car, 1, no, null
24-10-2023, 8.50am, in, car, 2, no, null
24-10-2023, 8.50am, in, car, 3, no, null
24-10-2023, 8.50am, in, car, 1, no, null
24-10-2023, 8.50am, in, car, 2, no, null
24-10-2023, 8.50am, in, car, 2, no, null
24-10-2023, 8.50am, in, car, 2, no, null
24-10-2023, 8.50am, in, car, 1, no, null
24-10-2023, 8.50am, in, car, 2, no, null
24-10-2023, 8.50am, in, car, 1, no, null
24-10-2023, 8.50am, in, car, 2, no, null
24-10-2023, 8.50am, in, car, 1, no, null
24-10-2023, 8.50am, in, car, 5, no, null
24-10-2023, 8.55am, in, car, 1, no, null
24-10-2023, 8.55am, in, car, 1, no, null
24-10-2023, 8.55am, in, car, 1, no, null
24-10-2023, 8.55am, in, car, 1, no, null
24-10-2023, 8.55am, in, car, 2, no, null
24-10-2023, 8.55am, in, car, 2, no, null
24-10-2023, 8.55am, in, car, 2, no, null
24-10-2023, 8.55am, in, car, 1, no, null
24-10-2023, 8.55am, in, bus, 100%, no, null
24-10-2023, 8.55am, in, car, 1, no, null
24-10-2023, 8.55am, in, car, 5, no, null
24-10-2023, 8.55am, in, car, 1, no, null
24-10-2023, 8.55am, in, car, 2, no, null
24-10-2023, 8.55am, in, car, 1, yes, null
24-10-2023, 8.55am, in, car, 1, no, null
24-10-2023, 8.55am, in, car, 1, no, null
24-10-2023, 8.55am, in, car, 1, no, null
24-10-2023, 8.55am, in, car, 1, no, null
24-10-2023, 8.55am, in, car, 1, no, null
24-10-2023, 8.55am, in, car, 1, no, null
24-10-2023, 8.55am, in, bicycle, 1, no, null
24-10-2023, 8.55am, in, car, 1, no, null
24-10-2023, 8.55am, in, car, 1, no, null
24-10-2023, 8.55am, in, car, 3, no, null
24-10-2023, 8.55am, in, car, 1, no, null
24-10-2023, 8.55am, in, car, 2, yes, null
24-10-2023, 8.55am, in, motorbike, 1, no, null
24-10-2023, 8.55am, in, car, 2, no, null
24-10-2023, 8.55am, in, car, 1, no, null
24-10-2023, 8.55am, in, car, 2, no, null
24-10-2023, 8.55am, in, car, 1, no, null
24-10-2023, 8.55am, in, car, 1, no, null
24-10-2023, 8.55am, in, car, 1, no, null
24-10-2023, 8.55am, in, car, 1, no, null
24-10-2023, 8.55am, in, car, 2, no, null
24-10-2023, 8.55am, in, car, 1, no, null
24-10-2023, 8.55am, in, taxi, 1, yes, null
24-10-2023, 8.55am, in, scooter, 1, no, null
24-10-2023, 8.55am, in, car, 1, no, null
24-10-2023, 8.55am, in, car, 1, no, null
24-10-2023, 8.55am, in, car, 2, no, null
24-10-2023, 8.55am, in, van, 2, no, null
24-10-2023, 8.55am, in, van, 2, no, null
24-10-2023, 8.55am, in, car, 1, no, null
24-10-2023, 8.55am, in, taxi, 1, no, null
24-10-2023, 8.55am, in, car, 1, no, null
24-10-2023, 8.55am, in, car, 1, no, null
24-10-2023, 8.55am, in, car, 1, no, null
24-10-2023, 8.55am, in, car, 2, yes, null
24-10-2023, 8.55am, in, car, 2, no, null
24-10-2023, 8.55am, in, car, 1, no, null
24-10-2023, 8.55am, in, car, 1, no, null
24-10-2023, 8.55am, in, car, 2, no, null
24-10-2023, 8.55am, in, lorry, 1, no, null
24-10-2023, 8.55am, in, car, 2, no, null
24-10-2023, 8.55am, in, car, 2, no, null
24-10-2023, 8.55am, in, van, 1, no, null
24-10-2023, 8.55am, in, car, 1, no, null
24-10-2023, 8.55am, in, car, 4, no, null
24-10-2023, 8.55am, in, car, 5, no, null
24-10-2023, 8.55am, in, car, 1, no, null
24-10-2023, 8.55am, in, car, 1, no, null
24-10-2023, 8.55am, in, car, 1, no, null
24-10-2023, 8.55am, in, car, 1, no, null
24-10-2023, 8.55am, in, car, 1, no, null
24-10-2023, 8.55am, in, car, 2, no, null
24-10-2023, 8.55am, in, car, 2, no, null
24-10-2023, 8.55am, in, car, 1, no, null
24-10-2023, 8.55am, in, bicycle, 1, no, null
24-10-2023, 8.55am, in, taxi, 2, no, null
24-10-2023, 8.55am, in, bus, 100%, no, null
24-10-2023, 8.55am, in, car, 1, no, null
24-10-2023, 8.55am, in, car, 4, no, null
24-10-2023, 8.55am, in, car, 2, no, null
24-10-2023, 8.55am, in, car, 1, no, null
24-10-2023, 8.55am, in, car, 1, no, null
24-10-2023, 8.55am, in, car, 1, no, null
24-10-2023, 9.00am, in, car, 2, no, null
24-10-2023, 9.00am, in, car, 1, no, null
24-10-2023, 9.00am, in, car, 1, no, null
24-10-2023, 9.00am, in, car, 1, no, null
24-10-2023, 9.00am, in, car, 1, no, null
24-10-2023, 9.00am, in, car, 3, no, null
24-10-2023, 9.00am, in, bicycle, 1, no, null
24-10-2023, 9.00am, in, car, 1, no, null
24-10-2023, 9.00am, in, car, 2, no, null
24-10-2023, 9.00am, in, car, 1, no, null
24-10-2023, 9.00am, in, car, 1, no, null
24-10-2023, 9.00am, in, car, 1, no, null
24-10-2023, 9.00am, in, car, 1, no, null
24-10-2023, 9.00am, in, motorbike, 1, no, null
24-10-2023, 9.00am, in, van, 2, no, null
24-10-2023, 9.00am, in, car, 1, no, null
24-10-2023, 9.00am, in, car, 2, no, null
24-10-2023, 9.00am, in, car, 1, no, null
24-10-2023, 9.00am, in, taxi, 2, no, null
24-10-2023, 9.00am, in, car, 2, no, null
24-10-2023, 9.00am, in, motorbike, 1, no, null
24-10-2023, 9.00am, in, car, 1, no, null
24-10-2023, 9.00am, in, car, 2, no, null
24-10-2023, 9.00am, in, car, 2, no, null
24-10-2023, 9.00am, in, car, 1, no, null
24-10-2023, 9.00am, in, car, 1, no, null
24-10-2023, 9.00am, in, car, 2, no, null
24-10-2023, 9.00am, in, car, 3, no, null
24-10-2023, 9.00am, in, taxi, 2, no, null
24-10-2023, 9.00am, in, bicycle, 1, no, null
24-10-2023, 9.00am, in, car, 1, no, null
24-10-2023, 9.00am, in, car, 1, no, null
24-10-2023, 9.00am, in, car, 2, no, null
24-10-2023, 9.00am, in, car, 2, yes, null
24-10-2023, 9.00am, in, car, 2, no, null
24-10-2023, 9.00am, in, car, 1, no, null
24-10-2023, 9.00am, in, car, 1, no, null
24-10-2023, 9.00am, in, car, 2, no, null
24-10-2023, 9.00am, in, car, 3, no, null
24-10-2023, 9.00am, in, car, 2, no, null
24-10-2023, 9.00am, in, motorbike, 1, no, null
24-10-2023, 9.00am, in, car, 2, no, null
24-10-2023, 9.00am, in, car, 1, no, null
24-10-2023, 9.00am, in, car, 1, no, null
24-10-2023, 9.00am, in, bicycle, 1, no, null
24-10-2023, 9.00am, in, bicycle, 1, no, null
24-10-2023, 9.00am, in, car, 1, no, null
24-10-2023, 9.00am, in, car, 1, no, null
24-10-2023, 9.00am, in, car, 3, no, null
24-10-2023, 9.00am, in, car, 1, no, null
24-10-2023, 9.00am, in, car, 2, no, null
24-10-2023, 9.00am, in, car, 1, no, null
24-10-2023, 9.00am, in, car, 1, no, null
24-10-2023, 9.00am, in, motorbike, 1, no, null
24-10-2023, 9.00am, in, car, 1, no, null
24-10-2023, 9.00am, in, bicycle, 1, no, null
24-10-2023, 9.00am, in, car, 1, no, null
24-10-2023, 9.00am, in, car, 2, no, null
24-10-2023, 9.00am, in, car, 2, no, null
24-10-2023, 9.00am, in, car, 1, no, null
24-10-2023, 9.00am, in, car, 1, no, null
24-10-2023, 9.00am, in, car, 2, no, null
24-10-2023, 9.00am, in, car, 1, no, null
24-10-2023, 9.00am, in, car, 2, no, null
24-10-2023, 9.00am, in, car, 2, no, null
24-10-2023, 9.00am, in, car, 2, no, null
24-10-2023, 9.00am, in, car, 1, no, null
24-10-2023, 9.00am, in, car, 2, no, null
24-10-2023, 9.00am, in, car, 1, no, null
24-10-2023, 9.00am, in, car, 2, no, null
24-10-2023, 9.00am, in, car, 3, no, null
24-10-2023, 9.05am, in, car, 5, no, null
24-10-2023, 9.05am, in, car, 1, no, null
24-10-2023, 9.05am, in, car, 2, no, null
24-10-2023, 9.05am, in, car, 1, no, null
24-10-2023, 9.05am, in, car, 1, no, null
24-10-2023, 9.05am, in, car, 1, no, null
24-10-2023, 9.05am, in, motorbike, 1, no, null
24-10-2023, 9.05am, in, car, 1, no, null
24-10-2023, 9.05am, in, car, 2, no, null
24-10-2023, 9.05am, in, car, 1, no, null
24-10-2023, 9.05am, in, taxi, 2, no, null
24-10-2023, 9.05am, in, car, 2, no, null
24-10-2023, 9.05am, in, car, 1, no, null
24-10-2023, 9.05am, in, car, 1, no, null
24-10-2023, 9.05am, in, car, 1, no, null
24-10-2023, 9.05am, in, car, 2, no, null
24-10-2023, 9.05am, in, car, 1, no, null
24-10-2023, 9.05am, in, car, 4, no, null
24-10-2023, 9.05am, in, car, 1, no, null
24-10-2023, 9.05am, in, car, 1, no, null
24-10-2023, 9.05am, in, car, 1, no, null
24-10-2023, 9.05am, in, bus, 90%, no, null
24-10-2023, 9.05am, in, car, 1, yes, null
24-10-2023, 9.05am, in, car, 2, no, null
24-10-2023, 9.05am, in, car, 3, no, null
24-10-2023, 9.05am, in, car, 1, no, null
24-10-2023, 9.05am, in, bicycle, 1, no, null
24-10-2023, 9.05am, in, bicycle, 1, no, null
24-10-2023, 9.05am, in, car, 1, no, null
24-10-2023, 9.05am, in, motorbike, 1, no, null
24-10-2023, 9.05am, in, car, 2, no, null
24-10-2023, 9.05am, in, car, 1, no, null
24-10-2023, 9.05am, in, bicycle, 1, no, null
24-10-2023, 9.05am, in, bus, 40%, no, null
24-10-2023, 9.05am, in, bicycle, 1, no, null
24-10-2023, 9.05am, in, bus, 100%, no, null
24-10-2023, 9.05am, in, car, 1, no, null
24-10-2023, 9.05am, in, motorbike, 1, no, null
24-10-2023, 9.05am, in, car, 1, no, null
24-10-2023, 9.05am, in, car, 1, no, null
24-10-2023, 9.05am, in, car, 4, no, null
24-10-2023, 9.05am, in, car, 1, yes, null
24-10-2023, 9.05am, in, car, 2, no, null
24-10-2023, 9.05am, in, car, 2, no, null
24-10-2023, 9.05am, in, car, 1, no, null
24-10-2023, 9.05am, in, car, 1, no, null
24-10-2023, 9.05am, in, car, 2, no, null
24-10-2023, 9.05am, in, car, 1, no, null
24-10-2023, 9.05am, in, car, 1, no, null
24-10-2023, 9.05am, in, car, 2, no, null
24-10-2023, 9.05am, in, car, 1, no, null
24-10-2023, 9.05am, in, car, 1, no, null
24-10-2023, 9.05am, in, car, 4, no, null
24-10-2023, 9.05am, in, car, 1, no, null
24-10-2023, 9.05am, in, car, 2, no, null
24-10-2023, 9.05am, in, taxi, 2, no, null
24-10-2023, 9.05am, in, car, 2, no, null
24-10-2023, 9.05am, in, car, 2, no, null
24-10-2023, 9.10am, in, car, 1, no, null
24-10-2023, 9.10am, in, car, 1, no, null
24-10-2023, 9.10am, in, car, 2, no, null
24-10-2023, 9.10am, in, car, 1, no, null
24-10-2023, 9.10am, in, car, 1, no, null
24-10-2023, 9.10am, in, car, 1, no, null
24-10-2023, 9.10am, in, van, 1, no, null
24-10-2023, 9.10am, in, car, 1, no, null
24-10-2023, 9.10am, in, car, 1, no, null
24-10-2023, 9.10am, in, car, 1, no, null
24-10-2023, 9.10am, in, car, 1, no, null
24-10-2023, 9.10am, in, car, 2, no, null
24-10-2023, 9.10am, in, car, 1, no, null
24-10-2023, 9.10am, in, car, 2, no, null
24-10-2023, 9.10am, in, car, 1, no, null
24-10-2023, 9.10am, in, car, 1, no, null
24-10-2023, 9.10am, in, car, 3, no, null
24-10-2023, 9.10am, in, car, 2, no, null
24-10-2023, 9.10am, in, taxi, 2, no, null
24-10-2023, 9.10am, in, car, 1, no, null
24-10-2023, 9.10am, in, car, 2, no, null
24-10-2023, 9.10am, in, car, 1, no, null
24-10-2023, 9.10am, in, car, 2, no, null
24-10-2023, 9.10am, in, car, 1, no, null
24-10-2023, 9.10am, in, bicycle, 1, no, null
24-10-2023, 9.10am, in, bicycle, 1, no, null
24-10-2023, 9.10am, in, car, 1, no, null
24-10-2023, 9.10am, in, car, 1, no, null
24-10-2023, 9.10am, in, car, 2, no, null
24-10-2023, 9.10am, in, car, 1, yes, null
24-10-2023, 9.10am, in, car, 1, no, null
24-10-2023, 9.10am, in, car, 1, no, null
24-10-2023, 9.10am, in, car, 1, no, null
24-10-2023, 9.10am, in, car, 1, no, null
24-10-2023, 9.10am, in, car, 2, no, null
24-10-2023, 9.10am, in, car, 2, no, null
24-10-2023, 9.10am, in, motorbike, 1, no, null
24-10-2023, 9.10am, in, taxi, 2, no, null
24-10-2023, 9.10am, in, car, 2, no, null
24-10-2023, 9.10am, in, car, 1, no, null
24-10-2023, 9.10am, in, car, 2, no, null
24-10-2023, 9.10am, in, car, 1, no, null
24-10-2023, 9.10am, in, car, 1, no, null
24-10-2023, 9.10am, in, car, 1, no, null
24-10-2023, 9.10am, in, bus, 100%, no, null
24-10-2023, 9.10am, in, car, 1, no, null
24-10-2023, 9.10am, in, car, 1, yes, null
24-10-2023, 9.10am, in, car, 2, no, null
24-10-2023, 9.10am, in, car, 1, no, null
24-10-2023, 9.10am, in, car, 1, no, null
24-10-2023, 9.10am, in, car, 1, no, null
24-10-2023, 9.10am, in, taxi, 2, no, null
24-10-2023, 9.10am, in, car, 1, no, null
24-10-2023, 9.10am, in, car, 2, no, null
24-10-2023, 9.10am, in, car, 1, no, null
24-10-2023, 9.10am, in, car, 1, no, null
24-10-2023, 9.10am, in, car, 1, no, null
24-10-2023, 9.15am, in, taxi, 2, no, null
24-10-2023, 9.15am, in, car, 1, no, null
24-10-2023, 9.15am, in, bicycle, 1, no, null
24-10-2023, 9.15am, in, car, 2, no, null
24-10-2023, 9.15am, in, car, 1, no, null
24-10-2023, 9.15am, in, car, 2, no, null
24-10-2023, 9.15am, in, car, 1, no, null
24-10-2023, 9.15am, in, car, 2, no, null
24-10-2023, 9.15am, in, car, 1, no, null
24-10-2023, 9.15am, in, car, 1, no, null
24-10-2023, 9.15am, in, car, 1, no, null
24-10-2023, 9.15am, in, car, 1, no, null
24-10-2023, 9.15am, in, car, 1, no, null
24-10-2023, 9.15am, in, car, 1, no, null
24-10-2023, 9.15am, in, car, 1, no, null
24-10-2023, 9.15am, in, car, 1, no, null
24-10-2023, 9.15am, in, car, 1, no, null
24-10-2023, 9.15am, in, car, 2, no, null
24-10-2023, 9.15am, in, bus, 90%, no, null
24-10-2023, 9.15am, in, car, 1, no, null
24-10-2023, 9.15am, in, car, 2, yes, null
