﻿Date,Time,Direction,Type,Occupancy,AgeIdentifier,Brand
25-10-2023,8.30am,in,car,1,10,peugeot
25-10-2023,8.30am,in,car,2,58,ford
25-10-2023,8.30am,in,car,1,1,japanesebrand
25-10-2023,8.30am,in,car,1,22,japanesebrand
25-10-2023,8.30am,in,car,1,62,japanesebrand
25-10-2023,8.30am,in,car,1,3,mercedes
25-10-2023,8.30am,in,car,1,62,other
25-10-2023,8.30am,in,bus,50%,66,other
25-10-2023,8.30am,in,car,1,71,skoda
25-10-2023,8.30am,in,car,1,60,other
25-10-2023,8.30am,in,car,1,12,other
25-10-2023,8.30am,in,bus,80%,66,other
25-10-2023,8.30am,in,car,1,67,ford
25-10-2023,8.30am,in,van,1,64,other
25-10-2023,8.30am,in,car,1,63,mini
25-10-2023,8.30am,in,car,1,65,peugeot
25-10-2023,8.30am,in,car,2,65,ford
25-10-2023,8.35am,in,car,1,62,mini
25-10-2023,8.35am,in,car,10%,64,mercedes
25-10-2023,8.35am,in,car,1,7,other
25-10-2023,8.35am,in,car,2,64,vauxhall
25-10-2023,8.35am,in,car,1,20,ford
25-10-2023,8.35am,in,car,1,20,ford
25-10-2023,8.35am,in,car,1,19,other
25-10-2023,8.35am,in,car,1,21,japanesebrand
25-10-2023,8.35am,in,bus,100%,67,other
25-10-2023,8.35am,in,car,1,71,audi
25-10-2023,8.35am,in,car,1,15,mini
25-10-2023,8.35am,in,bus,90%,66,other
25-10-2023,8.35am,in,car,1,13,peugeot
25-10-2023,8.35am,in,car,1,17,mini
25-10-2023,8.35am,in,car,1,66,ford
25-10-2023,8.35am,in,bicycle,1,null,other
25-10-2023,8.35am,in,car,1,9,japanesebrand
25-10-2023,8.35am,in,car,1,16,skoda
25-10-2023,8.35am,in,car,1,63,japanesebrand
25-10-2023,8.35am,in,car,1,12,japanesebrand
25-10-2023,8.35am,in,car,1,14,japanesebrand
25-10-2023,8.35am,in,car,1,15,bmw
25-10-2023,8.35am,in,car,1,63,citroen
25-10-2023,8.35am,in,car,1,63,skoda
25-10-2023,8.35am,in,car,1,20,skoda
25-10-2023,8.40am,in,other,1,null,other
25-10-2023,8.40am,in,bus,90%,66,other
25-10-2023,8.40am,in,car,1,71,mercedes
25-10-2023,8.40am,in,car,1,17,volksvaken
25-10-2023,8.40am,in,car,1,63,vauxhall
25-10-2023,8.40am,in,bus,100%,67,other
25-10-2023,8.40am,in,car,1,23,mini
25-10-2023,8.40am,in,van,1,23,ford
25-10-2023,8.40am,in,car,1,63,volksvaken
25-10-2023,8.40am,in,car,1,71,volksvaken
25-10-2023,8.40am,in,car,4,10,skoda
25-10-2023,8.40am,in,car,1,71,bmw
25-10-2023,8.40am,in,car,1,9,volksvaken
25-10-2023,8.40am,in,car,1,48,japanesebrand
25-10-2023,8.40am,in,car,1,21,other
25-10-2023,8.40am,in,car,1,69,mini
25-10-2023,8.40am,in,car,1,15,japanesebrand
25-10-2023,8.40am,in,car,1,8,other
25-10-2023,8.40am,in,car,1,8,japanese brand
25-10-2023,8.40am,in,car,1,21,bmw
25-10-2023,8.45am,in,car,1,71,bmw
25-10-2023,8.45am,in,car,1,15,vauxhall
25-10-2023,8.45am,in,car,1,10,ford
25-10-2023,8.45am,in,car,1,17,japanesebrand
25-10-2023,8.45am,in,car,1,14,japanesebrand
25-10-2023,8.45am,in,car,1,66,other
25-10-2023,8.45am,in,car,1,64,other
25-10-2023,8.45am,in,car,1,22,volksvaken
25-10-2023,8.45am,in,car,1,17,ford
25-10-2023,8.45am,in,car,2,62,other
25-10-2023,8.45am,in,bus,100%,66,other
25-10-2023,8.45am,in,car,1,15,bmw
25-10-2023,8.45am,in,car,3,13,ford
25-10-2023,8.45am,in,car,1,11,skoda
25-10-2023,8.45am,in,car,1,67,ford
25-10-2023,8.45am,in,car,1,9,ford
25-10-2023,8.45am,in,car,1,13,japanesebrand
25-10-2023,8.45am,in,bus,50%,66,other
25-10-2023,8.45am,in,car,1,71,mercedes
25-10-2023,8.45am,in,other,1,73,other
25-10-2023,8.45am,in,car,1,18,ford
25-10-2023,8.45am,in,car,1,62,citroen
25-10-2023,8.45am,in,car,1,72,ford
25-10-2023,8.45am,in,car,1,20,mini
25-10-2023,8.45am,in,car,1,10,peugeot
25-10-2023,8.45am,in,car,1,63,ford
25-10-2023,8.45am,in,car,1,62,japanesebrand
25-10-2023,8.45am,in,car,1,15,skoda
25-10-2023,8.45am,in,car,1,14,volksvaken
25-10-2023,8.45am,in,car,1,16,vauxhall
25-10-2023,8.45am,in,bus,20%,66,other
25-10-2023,8.45am,in,car,1,17,bmw
25-10-2023,8.45am,in,car,1,14,volksvaken
25-10-2023,8.50am,in,van,1,20,ford
25-10-2023,8.50am,in,car,1,6,japanesebrand
25-10-2023,8.50am,in,car,2,17,vauxhall
25-10-2023,8.50am,in,bicycle,1,null,other
25-10-2023,8.50am,in,car,2,8,mini
25-10-2023,8.50am,in,car,1,19,ford
25-10-2023,8.50am,in,car,1,10,bmw
25-10-2023,8.50am,in,car,1,15,ford
25-10-2023,8.50am,in,car,1,22,audi
25-10-2023,8.50am,in,car,1,22,vauxhall
25-10-2023,8.50am,in,car,1,9,ford
25-10-2023,8.50am,in,car,1,60,japanesebrand
25-10-2023,8.50am,in,bus,70%,66,other
25-10-2023,8.50am,in,car,1,66,japanesebrand
25-10-2023,8.50am,in,car,1,19,skoda
25-10-2023,8.50am,in,car,1,70,japanesebrand
25-10-2023,8.50am,in,car,1,58,skoda
25-10-2023,8.50am,in,car,1,13,ford
25-10-2023,8.50am,in,car,2,12,volksvaken
25-10-2023,8.50am,in,car,1,13,bmw
25-10-2023,8.50am,in,car,1,60,volksvaken
25-10-2023,8.50am,in,bus,90%,66,other
25-10-2023,8.50am,in,car,1,61,bmw
25-10-2023,8.50am,in,car,1,63,mini
25-10-2023,8.50am,in,car,1,14,peugeot
25-10-2023,8.50am,in,car,2,5,mercedes
25-10-2023,8.50am,in,car,1,12,bmw
25-10-2023,8.50am,in,other,1,66,other
25-10-2023,8.50am,in,car,1,22,volksvaken
25-10-2023,8.50am,in,van,1,21,ford
25-10-2023,8.50am,in,car,1,9,ford
25-10-2023,8.50am,in,car,1,13,mercedes
25-10-2023,8.50am,in,car,1,1,volksvaken
25-10-2023,8.50am,in,car,1,12,ford
25-10-2023,8.50am,in,car,2,16,mini
25-10-2023,8.55am,in,car,1,19,mercedes
25-10-2023,8.55am,in,car,1,66,skoda
25-10-2023,8.55am,in,car,1,16,japanesebrand
25-10-2023,8.55am,in,car,1,15,japanesebrand
25-10-2023,8.55am,in,car,1,5,audi
25-10-2023,8.55am,in,car,1,71,other
25-10-2023,8.55am,in,car,1,62,volksvaken
25-10-2023,8.55am,in,car,1,14,volksvaken
25-10-2023,8.55am,in,car,1,15,ford
25-10-2023,8.55am,in,van,1,23,japanesebrand
25-10-2023,8.55am,in,car,1,5,audi
25-10-2023,8.55am,in,car,1,4,ford
25-10-2023,8.55am,in,car,2,17,japanesebrand
25-10-2023,8.55am,in,car,1,63,japanesebrand
25-10-2023,8.55am,in,car,1,66,mini
25-10-2023,8.55am,in,car,3,8,japanesebrand
25-10-2023,8.55am,in,car,1,6,japanesebrand
25-10-2023,8.55am,in,car,1,16,ford
25-10-2023,8.55am,in,car,1,19,volksvaken
25-10-2023,8.55am,in,car,1,61,ford
25-10-2023,8.55am,in,car,1,19,volksvaken
25-10-2023,8.55am,in,bus,100%,66,other
25-10-2023,8.55am,in,bicycle,1,null,other
25-10-2023,8.55am,in,car,1,16,volksvaken
25-10-2023,8.55am,in,car,1,18,ford
25-10-2023,8.55am,in,car,1,66,audi
25-10-2023,8.55am,in,car,1,56,volksvaken
25-10-2023,8.55am,in,car,1,21,vauxhall
25-10-2023,8.55am,in,car,1,13,japanesebrand
25-10-2023,8.55am,in,car,1,12,skoda
25-10-2023,8.55am,in,car,1,18,other
25-10-2023,8.55am,in,bicycle,1,null,other
25-10-2023,8.55am,in,car,2,17,volksvaken
25-10-2023,8.55am,in,car,2,10,japanesebrand
25-10-2023,8.55am,in,car,1,60,japanesebrand
25-10-2023,8.55am,in,bus,100%,66,other
25-10-2023,9.00am,in,car,1,67,peugeot
25-10-2023,9.00am,in,van,1,8,mercedes
25-10-2023,9.00am,in,car,2,66,vauxhall
25-10-2023,9.00am,in,car,1,20,other
25-10-2023,9.00am,in,car,1,66,vauxhall
25-10-2023,9.00am,in,car,1,21,audi
25-10-2023,9.00am,in,car,1,12,other
25-10-2023,9.00am,in,bus,80%,54,other
25-10-2023,9.00am,in,car,90%,60,other
25-10-2023,9.00am,in,car,1,9,audi
25-10-2023,9.00am,in,car,1,16,ford
25-10-2023,9.00am,in,car,1,8,other
25-10-2023,9.00am,in,car,1,12,ford